id,image,ppg,label
0,img_0.png,ppg_0.csv,alert
1,img_1.png,ppg_1.csv,stressed
2,img_2.png,ppg_2.csv,drowsy
3,img_3.png,ppg_3.csv,stressed
4,img_4.png,ppg_4.csv,alert
5,img_5.png,ppg_5.csv,drowsy
6,img_6.png,ppg_6.csv,stressed
7,img_7.png,ppg_7.csv,drowsy
8,img_8.png,ppg_8.csv,drowsy
9,img_9.png,ppg_9.csv,drowsy
10,img_10.png,ppg_10.csv,alert
11,img_11.png,ppg_11.csv,drowsy
12,img_12.png,ppg_12.csv,drowsy
13,img_13.png,ppg_13.csv,stressed
14,img_14.png,ppg_14.csv,stressed
15,img_15.png,ppg_15.csv,drowsy
16,img_16.png,ppg_16.csv,stressed
17,img_17.png,ppg_17.csv,alert
18,img_18.png,ppg_18.csv,drowsy
19,img_19.png,ppg_19.csv,alert
20,img_20.png,ppg_20.csv,drowsy
21,img_21.png,ppg_21.csv,drowsy
22,img_22.png,ppg_22.csv,drowsy
23,img_23.png,ppg_23.csv,alert
24,img_24.png,ppg_24.csv,alert
25,img_25.png,ppg_25.csv,alert
26,img_26.png,ppg_26.csv,drowsy
27,img_27.png,ppg_27.csv,drowsy
28,img_28.png,ppg_28.csv,drowsy
29,img_29.png,ppg_29.csv,stressed
30,img_30.png,ppg_30.csv,drowsy
31,img_31.png,ppg_31.csv,stressed
32,img_32.png,ppg_32.csv,stressed
33,img_33.png,ppg_33.csv,stressed
34,img_34.png,ppg_34.csv,drowsy
35,img_35.png,ppg_35.csv,alert
36,img_36.png,ppg_36.csv,stressed
37,img_37.png,ppg_37.csv,alert
38,img_38.png,ppg_38.csv,drowsy
39,img_39.png,ppg_39.csv,alert
40,img_40.png,ppg_40.csv,stressed
41,img_41.png,ppg_41.csv,stressed
42,img_42.png,ppg_42.csv,alert
43,img_43.png,ppg_43.csv,alert
44,img_44.png,ppg_44.csv,alert
45,img_45.png,ppg_45.csv,stressed
46,img_46.png,ppg_46.csv,drowsy
47,img_47.png,ppg_47.csv,alert
48,img_48.png,ppg_48.csv,stressed
49,img_49.png,ppg_49.csv,stressed
50,img_50.png,ppg_50.csv,alert
51,img_51.png,ppg_51.csv,alert
52,img_52.png,ppg_52.csv,stressed
53,img_53.png,ppg_53.csv,stressed
54,img_54.png,ppg_54.csv,stressed
55,img_55.png,ppg_55.csv,alert
56,img_56.png,ppg_56.csv,stressed
57,img_57.png,ppg_57.csv,stressed
58,img_58.png,ppg_58.csv,alert
59,img_59.png,ppg_59.csv,stressed
60,img_60.png,ppg_60.csv,drowsy
61,img_61.png,ppg_61.csv,stressed
62,img_62.png,ppg_62.csv,alert
63,img_63.png,ppg_63.csv,drowsy
64,img_64.png,ppg_64.csv,drowsy
65,img_65.png,ppg_65.csv,stressed
66,img_66.png,ppg_66.csv,stressed
67,img_67.png,ppg_67.csv,alert
68,img_68.png,ppg_68.csv,drowsy
69,img_69.png,ppg_69.csv,alert
70,img_70.png,ppg_70.csv,stressed
71,img_71.png,ppg_71.csv,drowsy
72,img_72.png,ppg_72.csv,drowsy
73,img_73.png,ppg_73.csv,stressed
74,img_74.png,ppg_74.csv,alert
75,img_75.png,ppg_75.csv,stressed
76,img_76.png,ppg_76.csv,alert
77,img_77.png,ppg_77.csv,alert
78,img_78.png,ppg_78.csv,stressed
79,img_79.png,ppg_79.csv,stressed
80,img_80.png,ppg_80.csv,stressed
81,img_81.png,ppg_81.csv,drowsy
82,img_82.png,ppg_82.csv,drowsy
83,img_83.png,ppg_83.csv,alert
84,img_84.png,ppg_84.csv,alert
85,img_85.png,ppg_85.csv,alert
86,img_86.png,ppg_86.csv,stressed
87,img_87.png,ppg_87.csv,drowsy
88,img_88.png,ppg_88.csv,drowsy
89,img_89.png,ppg_89.csv,alert
90,img_90.png,ppg_90.csv,stressed
91,img_91.png,ppg_91.csv,stressed
92,img_92.png,ppg_92.csv,stressed
93,img_93.png,ppg_93.csv,stressed
94,img_94.png,ppg_94.csv,drowsy
95,img_95.png,ppg_95.csv,alert
96,img_96.png,ppg_96.csv,alert
97,img_97.png,ppg_97.csv,stressed
98,img_98.png,ppg_98.csv,stressed
99,img_99.png,ppg_99.csv,drowsy
100,img_100.png,ppg_100.csv,drowsy
101,img_101.png,ppg_101.csv,alert
102,img_102.png,ppg_102.csv,drowsy
103,img_103.png,ppg_103.csv,drowsy
104,img_104.png,ppg_104.csv,alert
105,img_105.png,ppg_105.csv,alert
106,img_106.png,ppg_106.csv,stressed
107,img_107.png,ppg_107.csv,alert
108,img_108.png,ppg_108.csv,alert
109,img_109.png,ppg_109.csv,stressed
110,img_110.png,ppg_110.csv,alert
111,img_111.png,ppg_111.csv,alert
112,img_112.png,ppg_112.csv,stressed
113,img_113.png,ppg_113.csv,stressed
114,img_114.png,ppg_114.csv,stressed
115,img_115.png,ppg_115.csv,alert
116,img_116.png,ppg_116.csv,drowsy
117,img_117.png,ppg_117.csv,stressed
118,img_118.png,ppg_118.csv,drowsy
119,img_119.png,ppg_119.csv,drowsy
120,img_120.png,ppg_120.csv,stressed
121,img_121.png,ppg_121.csv,drowsy
122,img_122.png,ppg_122.csv,drowsy
123,img_123.png,ppg_123.csv,alert
124,img_124.png,ppg_124.csv,stressed
125,img_125.png,ppg_125.csv,drowsy
126,img_126.png,ppg_126.csv,drowsy
127,img_127.png,ppg_127.csv,stressed
128,img_128.png,ppg_128.csv,drowsy
129,img_129.png,ppg_129.csv,drowsy
130,img_130.png,ppg_130.csv,stressed
131,img_131.png,ppg_131.csv,stressed
132,img_132.png,ppg_132.csv,drowsy
133,img_133.png,ppg_133.csv,stressed
134,img_134.png,ppg_134.csv,alert
135,img_135.png,ppg_135.csv,stressed
136,img_136.png,ppg_136.csv,stressed
137,img_137.png,ppg_137.csv,drowsy
138,img_138.png,ppg_138.csv,stressed
139,img_139.png,ppg_139.csv,alert
140,img_140.png,ppg_140.csv,drowsy
141,img_141.png,ppg_141.csv,drowsy
142,img_142.png,ppg_142.csv,stressed
143,img_143.png,ppg_143.csv,alert
144,img_144.png,ppg_144.csv,stressed
145,img_145.png,ppg_145.csv,drowsy
146,img_146.png,ppg_146.csv,alert
147,img_147.png,ppg_147.csv,stressed
148,img_148.png,ppg_148.csv,alert
149,img_149.png,ppg_149.csv,alert
150,img_150.png,ppg_150.csv,drowsy
151,img_151.png,ppg_151.csv,alert
152,img_152.png,ppg_152.csv,drowsy
153,img_153.png,ppg_153.csv,alert
154,img_154.png,ppg_154.csv,drowsy
155,img_155.png,ppg_155.csv,stressed
156,img_156.png,ppg_156.csv,alert
157,img_157.png,ppg_157.csv,stressed
158,img_158.png,ppg_158.csv,alert
159,img_159.png,ppg_159.csv,alert
160,img_160.png,ppg_160.csv,alert
161,img_161.png,ppg_161.csv,stressed
162,img_162.png,ppg_162.csv,drowsy
163,img_163.png,ppg_163.csv,alert
164,img_164.png,ppg_164.csv,stressed
165,img_165.png,ppg_165.csv,drowsy
166,img_166.png,ppg_166.csv,alert
167,img_167.png,ppg_167.csv,alert
168,img_168.png,ppg_168.csv,stressed
169,img_169.png,ppg_169.csv,stressed
170,img_170.png,ppg_170.csv,drowsy
171,img_171.png,ppg_171.csv,alert
172,img_172.png,ppg_172.csv,drowsy
173,img_173.png,ppg_173.csv,drowsy
174,img_174.png,ppg_174.csv,stressed
175,img_175.png,ppg_175.csv,alert
176,img_176.png,ppg_176.csv,drowsy
177,img_177.png,ppg_177.csv,alert
178,img_178.png,ppg_178.csv,alert
179,img_179.png,ppg_179.csv,alert
180,img_180.png,ppg_180.csv,alert
181,img_181.png,ppg_181.csv,stressed
182,img_182.png,ppg_182.csv,stressed
183,img_183.png,ppg_183.csv,alert
184,img_184.png,ppg_184.csv,alert
185,img_185.png,ppg_185.csv,alert
186,img_186.png,ppg_186.csv,alert
187,img_187.png,ppg_187.csv,stressed
188,img_188.png,ppg_188.csv,alert
189,img_189.png,ppg_189.csv,alert
190,img_190.png,ppg_190.csv,drowsy
191,img_191.png,ppg_191.csv,alert
192,img_192.png,ppg_192.csv,drowsy
193,img_193.png,ppg_193.csv,stressed
194,img_194.png,ppg_194.csv,stressed
195,img_195.png,ppg_195.csv,drowsy
196,img_196.png,ppg_196.csv,drowsy
197,img_197.png,ppg_197.csv,drowsy
198,img_198.png,ppg_198.csv,stressed
199,img_199.png,ppg_199.csv,alert
